{
  "cola": {
    "matthews_correlation": 0.5091322058315513
  },
  "sst2": {
    "accuracy": 0.8887614678899083
  },
  "mrpc": {
    "accuracy": 0.8431372549019608,
    "f1": 0.8857142857142857
  },
  "qqp": {
    "accuracy": 0.8839228295819935,
    "f1": 0.846428220818744
  },
  "stsb": {
    "pearson": 0.845096230506897,
    "spearmanr": 0.8445885233899478
  },
  "mnli": {
    "accuracy": 0.7918492103922568
  },
  "qnli": {
    "accuracy": 0.8623466959546037
  },
  "rte": {
    "accuracy": 0.6498194945848376
  },
  "wnli": {
    "accuracy": 0.5633802816901409
  }
}